,precision,recall,f1-score,support
NaBiF4,1.0,0.9090909090909091,0.9523809523809523,22.0
Others,0.7777777777777778,1.0,0.875,7.0
accuracy,0.9310344827586207,0.9310344827586207,0.9310344827586207,0.9310344827586207
macro avg,0.8888888888888888,0.9545454545454546,0.9136904761904762,29.0
weighted avg,0.946360153256705,0.9310344827586207,0.9337027914614121,29.0
