Feature,Importance
Na:Bi F:Bi^2,0.11563222843191749
Na:Bi^2 F:Bi,0.11160678723832053
Na:Bi F:Bi,0.10421118806588367
Na:Bi+F:Bi,0.09343897008613769
F:Bi,0.09329276190735797
F:Bi^2,0.08237146267065333
GeometricMean,0.0797919709150772
Na:Bi/F:Bi,0.06752343713280233
F:Bi^3,0.06467283678023845
Na:Bi-F:Bi,0.048514875392850064
Na:Bi,0.04742060929089666
Na:Bi^2,0.04667273321576593
Na:Bi^3,0.04485013887209877
