Feature,Importance
Na:Bi,0.500391370590579
F:Bi,0.499608629409421
