,precision,recall,f1-score,support
NaBiF4,0.9885057471264368,0.9555555555555556,0.9717514124293786,90.0
Others,0.8787878787878788,0.9666666666666667,0.9206349206349206,30.0
accuracy,0.9583333333333334,0.9583333333333334,0.9583333333333334,0.9583333333333334
macro avg,0.9336468129571578,0.9611111111111111,0.9461931665321496,120.0
weighted avg,0.9610762800417973,0.9583333333333334,0.9589722894807641,120.0
