FPR,TPR,AUC
0.0,0.0,1.0
0.0,0.058823529411764705,1.0
0.0,0.17647058823529413,1.0
0.0,0.29411764705882354,1.0
0.0,1.0,1.0
0.275,1.0,1.0
0.325,1.0,1.0
0.45,1.0,1.0
0.5,1.0,1.0
0.575,1.0,1.0
0.6,1.0,1.0
0.8,1.0,1.0
0.85,1.0,1.0
1.0,1.0,1.0
