,precision,recall,f1-score,support
NaBiF4,0.9545454545454546,0.9545454545454546,0.9545454545454546,22.0
Others,0.8571428571428571,0.8571428571428571,0.8571428571428571,7.0
accuracy,0.9310344827586207,0.9310344827586207,0.9310344827586207,0.9310344827586207
macro avg,0.9058441558441559,0.9058441558441559,0.9058441558441559,29.0
weighted avg,0.9310344827586207,0.9310344827586207,0.9310344827586207,29.0
