,precision,recall,f1-score,support
NaBiF4,0.9545454545454546,0.9130434782608695,0.9333333333333333,23.0
Others,0.75,0.8571428571428571,0.8,7.0
accuracy,0.9,0.9,0.9,0.9
macro avg,0.8522727272727273,0.8850931677018633,0.8666666666666667,30.0
weighted avg,0.9068181818181819,0.9,0.9022222222222224,30.0
