,precision,recall,f1-score,support
NaBiF4,0.9565217391304348,0.9565217391304348,0.9565217391304348,23.0
Others,0.8571428571428571,0.8571428571428571,0.8571428571428571,7.0
accuracy,0.9333333333333333,0.9333333333333333,0.9333333333333333,0.9333333333333333
macro avg,0.9068322981366459,0.9068322981366459,0.9068322981366459,30.0
weighted avg,0.9333333333333333,0.9333333333333333,0.9333333333333333,30.0
