,precision,recall,f1-score,support
NaBiF4,0.9523809523809523,0.8695652173913043,0.9090909090909091,23.0
Others,0.6666666666666666,0.8571428571428571,0.75,7.0
accuracy,0.8666666666666667,0.8666666666666667,0.8666666666666667,0.8666666666666667
macro avg,0.8095238095238095,0.8633540372670807,0.8295454545454546,30.0
weighted avg,0.8857142857142857,0.8666666666666667,0.871969696969697,30.0
