Feature,Importance
F:Bi,0.5316554569490569
Na:Bi,0.46834454305094303
