,precision,recall,f1-score,support
NaBiF4,0.9583333333333334,1.0,0.9787234042553191,23.0
Others,1.0,0.8571428571428571,0.9230769230769231,7.0
accuracy,0.9666666666666667,0.9666666666666667,0.9666666666666667,0.9666666666666667
macro avg,0.9791666666666667,0.9285714285714286,0.9509001636661212,30.0
weighted avg,0.9680555555555556,0.9666666666666667,0.9657392253136934,30.0
