FPR,TPR,AUC
0.0,0.0,1.0
0.0,0.08333333333333333,1.0
0.0,1.0,1.0
0.15555555555555556,1.0,1.0
0.2,1.0,1.0
0.28888888888888886,1.0,1.0
0.3333333333333333,1.0,1.0
0.37777777777777777,1.0,1.0
0.4666666666666667,1.0,1.0
0.6,1.0,1.0
0.6222222222222222,1.0,1.0
0.7555555555555555,1.0,1.0
0.7777777777777778,1.0,1.0
1.0,1.0,1.0
